SpineBase.x,SpineBase.y,SpineBase.z,state,SpineMid.x,SpineMid.y,SpineMid.z,state,SpineShoulder.x,SpineShoulder.y,SpineShoulder.z,state,Neck.x,Neck.y,Neck.z,state,Head.x,Head.y,Head.z,state,ShoulderLeft.x,ShoulderLeft.y,ShoulderLeft.z,state,ElbowLeft.x,ElbowLeft.y,ElbowLeft.z,state,WristLeft.x,WristLeft.y,WristLeft.z,state,HandLeft.x,HandLeft.y,HandLeft.z,state,HandTipLeft.x,HandTipLeft.y,HandTipLeft.z,state,ThumbLeft.x,ThumbLeft.y,ThumbLeft.z,state,ShoulderRight.x,ShoulderRight.y,ShoulderRight.z,state,ElbowRight.x,ElbowRight.y,ElbowRight.z,state,WristRight.x,WristRight.y,WristRight.z,state,HandRight.x,HandRight.y,HandRight.z,state,HandTipRight.x,HandTipRight.y,HandTipRight.z,state,ThumbRight.x,ThumbRight.y,ThumbRight.z,state,HipLeft.x,HipLeft.y,HipLeft.z,state,KneeLeft.x,KneeLeft.y,KneeLeft.z,state,AnkleLeft.x,AnkleLeft.y,AnkleLeft.z,state,FootLeft.x,FootLeft.y,FootLeft.z,state,HipRight.x,HipRight.y,HipRight.z,state,KneeRight.x,KneeRight.y,KneeRight.z,state,AnkleRight.x,AnkleRight.y,AnkleRight.z,state,FootRight.x,FootRight.y,FootRight.z,state
-0.162781,-0.402125,1.90458,tracked,-0.195037,-0.0828974,1.89851,tracked,-0.220842,0.150402,1.88406,tracked,-0.229151,0.226194,1.8755,tracked,-0.238833,0.354413,1.85383,tracked,-0.341682,0.105413,1.77883,tracked,-0.4242,0.0283981,1.59848,tracked,-0.464699,0.0019858,1.44239,tracked,-0.488737,0.00294152,1.47292,tracked,-0.549061,-0.0361938,1.40885,tracked,-0.542605,0.0145691,1.468,tracked,-0.0196671,0.135331,1.92795,tracked,0.147204,0.00534613,1.91285,tracked,0.188825,-0.126843,1.74623,tracked,0.187163,-0.194694,1.65357,tracked,0.195859,-0.233445,1.62175,tracked,0.109111,-0.180599,1.66047,tracked,-0.233112,-0.401277,1.84515,tracked,-0.24494,-0.732728,1.90411,tracked,-0.23311,-1.03486,2.04758,tracked,-0.180749,-1.10364,1.96699,tracked,-0.0866335,-0.389054,1.89703,tracked,-0.0444209,-0.715708,1.88156,tracked,-0.0232845,-1.0196,2.02051,tracked,0.0289058,-1.08442,1.93643,tracked
-0.163277,-0.401646,1.91062,tracked,-0.195593,-0.0829706,1.90002,tracked,-0.220936,0.150299,1.88432,tracked,-0.229171,0.226113,1.87563,tracked,-0.241496,0.353605,1.85133,tracked,-0.342678,0.105283,1.7786,tracked,-0.423877,0.0278781,1.59908,tracked,-0.468716,-0.0053641,1.44568,tracked,-0.491779,-0.00970436,1.47401,tracked,-0.552029,-0.0464663,1.41827,tracked,-0.550963,0.00819546,1.46625,tracked,-0.0229326,0.13654,1.92565,tracked,0.146797,0.014919,1.9118,tracked,0.198367,-0.106127,1.73934,tracked,0.200272,-0.173814,1.63387,tracked,0.209892,-0.210603,1.59715,tracked,0.120983,-0.160612,1.63543,tracked,-0.233444,-0.401014,1.85086,tracked,-0.245075,-0.736217,1.90832,tracked,-0.233205,-1.03897,2.05057,tracked,-0.181122,-1.10696,1.9685,tracked,-0.0872925,-0.388298,1.90275,tracked,-0.0446944,-0.716721,1.88573,tracked,-0.0221161,-1.02006,2.02559,tracked,0.0301611,-1.08453,1.94104,inferred
-0.16392,-0.401613,1.9118,tracked,-0.195903,-0.0831654,1.90016,tracked,-0.220999,0.149904,1.88403,tracked,-0.229095,0.225581,1.87514,tracked,-0.244256,0.349338,1.83769,tracked,-0.342661,0.110741,1.77254,tracked,-0.423212,0.0271652,1.59868,tracked,-0.470209,-0.0115149,1.44734,tracked,-0.488266,-0.0213549,1.46935,tracked,-0.550318,-0.0605761,1.41402,tracked,-0.55121,-0.0022802,1.46425,tracked,-0.0259366,0.138588,1.91337,tracked,0.148129,0.0257108,1.8922,tracked,0.205946,-0.0857419,1.71511,tracked,0.212317,-0.15372,1.5934,tracked,0.225652,-0.189037,1.55742,tracked,0.134987,-0.147116,1.59832,tracked,-0.234239,-0.401029,1.85327,tracked,-0.245923,-0.734487,1.90791,tracked,-0.233257,-1.03764,2.04934,tracked,-0.182139,-1.10549,1.96613,tracked,-0.0877572,-0.388222,1.90311,tracked,-0.0445646,-0.717048,1.88709,tracked,-0.0224485,-1.0225,2.02278,tracked,0.0283384,-1.08614,1.93575,tracked
-0.164503,-0.402138,1.91518,tracked,-0.196286,-0.0836629,1.90062,tracked,-0.221156,0.149178,1.88351,tracked,-0.229138,0.224654,1.87415,tracked,-0.246659,0.346829,1.8305,tracked,-0.344737,0.107686,1.77154,tracked,-0.420862,0.027488,1.59969,tracked,-0.470949,-0.0164403,1.45095,tracked,-0.493985,-0.0341571,1.4707,tracked,-0.55143,-0.0758873,1.40746,tracked,-0.546235,-0.0176739,1.46075,tracked,-0.02934,0.138791,1.90631,tracked,0.149108,0.0308403,1.8834,tracked,0.207316,-0.0780217,1.70475,tracked,0.216006,-0.143523,1.58472,tracked,0.231636,-0.17884,1.54832,tracked,0.134163,-0.134123,1.58681,tracked,-0.235049,-0.402238,1.85815,tracked,-0.246199,-0.734232,1.90821,tracked,-0.233117,-1.03716,2.05006,tracked,-0.183384,-1.10523,1.96597,tracked,-0.0881307,-0.388206,1.905,tracked,-0.0446153,-0.717304,1.88831,tracked,-0.0226142,-1.02282,2.02388,tracked,0.0266053,-1.08672,1.93584,tracked
-0.165579,-0.403136,1.9193,tracked,-0.197007,-0.0847717,1.9016,tracked,-0.221448,0.147881,1.88304,tracked,-0.229285,0.223163,1.87321,tracked,-0.248327,0.341304,1.82249,tracked,-0.345633,0.109245,1.77001,tracked,-0.419627,0.00467922,1.59475,tracked,-0.476726,-0.0245839,1.445,tracked,-0.496904,-0.0456184,1.47092,tracked,-0.555069,-0.0870753,1.40742,tracked,-0.543531,-0.0281359,1.46564,tracked,-0.0325321,0.138479,1.89946,tracked,0.149972,0.0386485,1.87061,tracked,0.208945,-0.0690864,1.69149,tracked,0.217501,-0.137055,1.56411,tracked,0.235141,-0.174092,1.52808,tracked,0.139462,-0.135179,1.56596,tracked,-0.236138,-0.40394,1.86358,tracked,-0.2471,-0.735706,1.9113,tracked,-0.23341,-1.03711,2.05602,tracked,-0.184561,-1.10597,1.97231,inferred,-0.0890896,-0.388518,1.90766,tracked,-0.0446791,-0.71793,1.89192,tracked,-0.022685,-1.02433,2.02569,tracked,0.0252676,-1.08774,1.93597,tracked
-0.166756,-0.403717,1.91924,tracked,-0.202734,-0.0932181,1.89179,tracked,-0.231103,0.126374,1.85214,tracked,-0.239874,0.196886,1.83372,tracked,-0.246329,0.333082,1.80334,tracked,-0.351735,0.109749,1.76057,tracked,-0.41325,0.0119647,1.59955,tracked,-0.471799,-0.0444457,1.45885,tracked,-0.494242,-0.0570053,1.46404,tracked,-0.551049,-0.0998892,1.4066,tracked,-0.548173,-0.0346153,1.46315,tracked,-0.0364078,0.13579,1.87687,tracked,0.145574,0.0438597,1.85022,tracked,0.201165,-0.0589739,1.66699,tracked,0.207299,-0.139157,1.53022,tracked,0.23272,-0.173646,1.47973,tracked,0.129848,-0.138348,1.54386,tracked,-0.238099,-0.405016,1.86459,tracked,-0.248071,-0.734646,1.91214,tracked,-0.233409,-1.03655,2.05587,tracked,-0.188331,-1.10375,1.96679,tracked,-0.0900655,-0.388831,1.90665,tracked,-0.0445286,-0.718205,1.89467,tracked,-0.0246846,-1.02601,2.02579,tracked,0.0184008,-1.08839,1.93122,tracked
-0.167717,-0.405777,1.92544,tracked,-0.203205,-0.0961207,1.89244,tracked,-0.230826,0.124801,1.85268,tracked,-0.239433,0.195769,1.8346,tracked,-0.245331,0.327419,1.79737,tracked,-0.353113,0.108683,1.7589,tracked,-0.413179,0.0121318,1.59974,tracked,-0.47071,-0.058848,1.46574,tracked,-0.495057,-0.0686105,1.46984,tracked,-0.550567,-0.108055,1.4053,tracked,-0.546094,-0.0482639,1.45695,tracked,-0.0367862,0.135754,1.87696,tracked,0.143426,0.0483008,1.84403,tracked,0.198728,-0.0588669,1.66328,tracked,0.197848,-0.146235,1.54489,tracked,0.216012,-0.195085,1.51458,tracked,0.130147,-0.156375,1.553,tracked,-0.239158,-0.407301,1.87098,tracked,-0.249191,-0.736165,1.91619,tracked,-0.235407,-1.04152,2.05318,tracked,-0.190444,-1.10644,1.96108,tracked,-0.090699,-0.390316,1.91211,tracked,-0.0448601,-0.718909,1.89759,tracked,-0.0236629,-1.02568,2.0307,tracked,0.0201174,-1.08808,1.93658,tracked
-0.168074,-0.406191,1.92677,tracked,-0.203672,-0.0995255,1.89088,tracked,-0.23045,0.120251,1.84972,tracked,-0.23878,0.19161,1.83197,tracked,-0.242049,0.320262,1.78499,tracked,-0.352896,0.10877,1.75885,tracked,-0.41227,0.0114948,1.60065,tracked,-0.468165,-0.06541,1.46939,tracked,-0.48979,-0.0784696,1.46749,tracked,-0.548131,-0.120551,1.40799,tracked,-0.547387,-0.0568346,1.45417,tracked,-0.0379349,0.136533,1.87394,tracked,0.137587,0.0567685,1.81397,tracked,0.171866,-0.065289,1.63754,tracked,0.161779,-0.151716,1.52558,tracked,0.185534,-0.201666,1.48123,tracked,0.0976478,-0.162464,1.54924,tracked,-0.239833,-0.407868,1.87304,tracked,-0.250479,-0.735533,1.91724,tracked,-0.23572,-1.04174,2.05243,tracked,-0.191329,-1.10596,1.95906,inferred,-0.0907805,-0.390536,1.91281,tracked,-0.0452772,-0.719632,1.89936,tracked,-0.0231637,-1.02672,2.03166,tracked,0.0200188,-1.08878,1.93673,tracked
-0.168242,-0.406425,1.9315,tracked,-0.204013,-0.100778,1.89166,tracked,-0.230651,0.11923,1.85012,tracked,-0.238945,0.19068,1.8324,tracked,-0.242244,0.319412,1.78508,tracked,-0.352586,0.109011,1.75937,tracked,-0.410402,0.0094445,1.61074,tracked,-0.465551,-0.065916,1.47819,tracked,-0.492525,-0.084413,1.47118,tracked,-0.550562,-0.129891,1.41482,tracked,-0.548187,-0.0596448,1.44957,tracked,-0.0387499,0.137009,1.87408,tracked,0.137203,0.0566235,1.81389,tracked,0.162946,-0.0653696,1.63589,tracked,0.131707,-0.155218,1.53146,tracked,0.14118,-0.20314,1.50876,tracked,0.0751901,-0.167827,1.54759,tracked,-0.240347,-0.408431,1.87794,tracked,-0.251628,-0.73747,1.92084,tracked,-0.236034,-1.04418,2.05491,tracked,-0.191533,-1.10776,1.96084,tracked,-0.0905209,-0.390378,1.91724,tracked,-0.0456841,-0.719159,1.90189,tracked,-0.0233227,-1.02703,2.03252,tracked,0.0197673,-1.08846,1.93679,tracked
-0.168864,-0.40614,1.93752,tracked,-0.204761,-0.101584,1.89296,tracked,-0.231212,0.118709,1.85052,tracked,-0.23948,0.190241,1.83271,tracked,-0.242706,0.319145,1.78498,tracked,-0.352617,0.109256,1.75969,tracked,-0.409799,0.00853138,1.61426,tracked,-0.464684,-0.0661656,1.48119,tracked,-0.493351,-0.0843635,1.47449,tracked,-0.552466,-0.132523,1.41795,tracked,-0.544461,-0.0684253,1.45694,tracked,-0.0395051,0.137215,1.87432,tracked,0.132025,0.0572728,1.81365,tracked,0.139203,-0.063662,1.63308,tracked,0.104828,-0.15167,1.52731,tracked,0.111466,-0.199726,1.50475,tracked,0.0478042,-0.160664,1.54183,tracked,-0.24118,-0.408451,1.88407,tracked,-0.25302,-0.741625,1.92803,tracked,-0.237284,-1.04991,2.05873,tracked,-0.192901,-1.11231,1.96323,tracked,-0.0908392,-0.389764,1.92306,tracked,-0.046283,-0.720381,1.90682,tracked,-0.0233886,-1.02918,2.03538,tracked,0.01966,-1.08982,1.93871,tracked
-0.168948,-0.406081,1.93789,tracked,-0.204853,-0.101664,1.89284,tracked,-0.231318,0.118734,1.84982,tracked,-0.239563,0.190375,1.83184,tracked,-0.243234,0.319684,1.7839,tracked,-0.3529,0.109508,1.7595,tracked,-0.409786,0.00860267,1.61429,tracked,-0.464795,-0.0671666,1.48192,tracked,-0.494104,-0.0814347,1.47422,tracked,-0.548955,-0.133104,1.41988,tracked,-0.547475,-0.0614023,1.45516,tracked,-0.0401662,0.137154,1.87255,tracked,0.127307,0.0563939,1.8109,tracked,0.106592,-0.058882,1.62753,tracked,0.0791107,-0.145584,1.51788,tracked,0.0873948,-0.191168,1.47751,tracked,0.0175166,-0.153136,1.54362,tracked,-0.241296,-0.408366,1.88458,tracked,-0.253275,-0.7421,1.92876,tracked,-0.237571,-1.05022,2.05984,tracked,-0.193602,-1.11277,1.96426,tracked,-0.0908799,-0.389718,1.9233,tracked,-0.0462944,-0.720123,1.90715,tracked,-0.0235175,-1.02895,2.03569,tracked,0.0190795,-1.08967,1.93882,tracked
-0.169076,-0.406133,1.93929,tracked,-0.20508,-0.101761,1.89317,tracked,-0.231483,0.118814,1.84991,tracked,-0.239752,0.190535,1.83192,tracked,-0.243552,0.319936,1.78405,tracked,-0.352909,0.109598,1.75964,tracked,-0.410378,0.00917747,1.61589,tracked,-0.46767,-0.0789767,1.49299,tracked,-0.496689,-0.0800189,1.47691,tracked,-0.546065,-0.131679,1.42961,tracked,-0.559097,-0.0602195,1.46231,tracked,-0.0406291,0.137011,1.8723,tracked,0.119068,0.0575078,1.80732,tracked,0.0966144,-0.0548846,1.62231,tracked,0.0551467,-0.135614,1.51928,tracked,0.0675162,-0.188817,1.49186,tracked,-0.00174238,-0.148645,1.53878,tracked,-0.241467,-0.408324,1.8863,tracked,-0.253876,-0.74166,1.92962,tracked,-0.23731,-1.04945,2.06131,tracked,-0.193214,-1.11204,1.96581,tracked,-0.0909443,-0.389826,1.92439,tracked,-0.046518,-0.720533,1.90857,tracked,-0.0237276,-1.02959,2.03661,tracked,0.018758,-1.09016,1.93951,tracked
-0.169445,-0.405951,1.9389,tracked,-0.205685,-0.101772,1.89233,tracked,-0.232069,0.119009,1.84882,tracked,-0.240294,0.190821,1.83087,tracked,-0.243703,0.320335,1.78339,tracked,-0.352595,0.109827,1.75959,tracked,-0.412809,0.0117534,1.61255,tracked,-0.469229,-0.0780758,1.49067,tracked,-0.497604,-0.0797065,1.47122,tracked,-0.550545,-0.125738,1.42474,tracked,-0.563022,-0.0553685,1.4539,tracked,-0.0409587,0.137676,1.86978,tracked,0.0911499,0.0448374,1.71862,tracked,0.0594167,-0.085276,1.56515,tracked,0.0322816,-0.123496,1.5196,tracked,0.0407722,-0.179439,1.49228,tracked,-0.0267197,-0.135258,1.53275,tracked,-0.241847,-0.408084,1.88598,tracked,-0.253911,-0.741631,1.92962,tracked,-0.235747,-1.04962,2.06073,tracked,-0.191987,-1.11194,1.96473,tracked,-0.0912806,-0.38969,1.9239,tracked,-0.0466116,-0.720609,1.90861,tracked,-0.0225129,-1.02981,2.03613,tracked,0.0195647,-1.0902,1.93858,tracked
-0.170013,-0.405473,1.93779,tracked,-0.20611,-0.101505,1.89142,tracked,-0.232296,0.119441,1.84812,tracked,-0.240457,0.191312,1.83028,tracked,-0.243782,0.320885,1.78336,tracked,-0.353752,0.110115,1.75811,tracked,-0.413702,0.0122879,1.61201,tracked,-0.470283,-0.0765211,1.48942,tracked,-0.50071,-0.0742784,1.46766,tracked,-0.553356,-0.12106,1.42445,tracked,-0.559855,-0.0515942,1.45138,tracked,-0.0411173,0.138242,1.86754,tracked,0.0914317,0.0463938,1.71613,tracked,0.0487238,-0.077555,1.56252,tracked,0.0106232,-0.10882,1.51968,tracked,0.0105867,-0.160021,1.5002,tracked,-0.047257,-0.112755,1.54078,tracked,-0.242293,-0.40769,1.88526,tracked,-0.254712,-0.739009,1.92789,tracked,-0.235016,-1.04705,2.05877,tracked,-0.191252,-1.10919,1.96254,tracked,-0.0919335,-0.38911,1.92227,tracked,-0.0466266,-0.720608,1.90858,tracked,-0.0208937,-1.03015,2.03508,tracked,0.0211386,-1.09013,1.93708,tracked
-0.170208,-0.405416,1.93809,tracked,-0.207256,-0.101638,1.89182,tracked,-0.234486,0.119439,1.84862,tracked,-0.243078,0.191407,1.83089,tracked,-0.244655,0.3225,1.78601,tracked,-0.353456,0.110303,1.75875,tracked,-0.415312,0.0133987,1.612,tracked,-0.471464,-0.0741353,1.4882,tracked,-0.503527,-0.0663712,1.47201,tracked,-0.556744,-0.113554,1.4332,tracked,-0.562477,-0.0459256,1.45292,tracked,-0.0417894,0.138438,1.8714,tracked,0.0965698,0.0505049,1.72315,tracked,0.0222775,-0.065886,1.56029,tracked,-0.0111496,-0.0930259,1.52357,tracked,-0.0254004,-0.130107,1.50814,tracked,-0.0735584,-0.0967162,1.5544,tracked,-0.242358,-0.407564,1.8859,tracked,-0.255192,-0.740343,1.92894,tracked,-0.235225,-1.04852,2.05947,tracked,-0.190383,-1.11031,1.96353,tracked,-0.0922409,-0.38909,1.9224,tracked,-0.0467104,-0.720538,1.90877,tracked,-0.0198215,-1.02933,2.03669,tracked,0.0235443,-1.08929,1.93948,tracked
-0.171295,-0.40496,1.93616,tracked,-0.207964,-0.101245,1.89041,tracked,-0.234786,0.120033,1.84763,tracked,-0.24325,0.192063,1.83005,tracked,-0.244884,0.323355,1.78561,tracked,-0.353278,0.110595,1.75895,tracked,-0.423813,-0.00128306,1.59688,tracked,-0.480694,-0.0709225,1.46191,tracked,-0.505066,-0.0616079,1.46607,tracked,-0.562756,-0.108401,1.41315,tracked,-0.56202,-0.0428763,1.45421,tracked,-0.0417469,0.138912,1.87234,tracked,0.114215,0.0688349,1.75271,tracked,0.0457799,-0.000952296,1.59669,tracked,-0.0252393,-0.0712939,1.51572,tracked,-0.0317474,-0.115819,1.49058,tracked,-0.0849888,-0.0816413,1.5415,tracked,-0.242988,-0.407127,1.88524,tracked,-0.255347,-0.738396,1.92674,tracked,-0.235587,-1.04728,2.0558,tracked,-0.190612,-1.10869,1.9595,tracked,-0.093856,-0.388725,1.91837,tracked,-0.0465551,-0.718868,1.90634,tracked,-0.024257,-1.02788,2.03457,tracked,0.0184656,-1.08855,1.93772,inferred
-0.172695,-0.404858,1.93417,tracked,-0.208635,-0.10112,1.88918,tracked,-0.234945,0.120327,1.84692,tracked,-0.243279,0.192399,1.8295,tracked,-0.245004,0.32361,1.7854,tracked,-0.353118,0.110796,1.75903,tracked,-0.421505,0.0108856,1.60052,tracked,-0.476689,-0.0690231,1.4709,tracked,-0.503342,-0.0613699,1.46493,tracked,-0.558579,-0.107256,1.41346,tracked,-0.561139,-0.0403608,1.45073,tracked,-0.0454838,0.141588,1.86665,tracked,0.115412,0.0693397,1.7571,tracked,0.0100505,-0.0134844,1.58591,tracked,-0.0433007,-0.0582143,1.5202,tracked,-0.0579181,-0.0940463,1.50124,tracked,-0.103158,-0.0620279,1.55262,tracked,-0.244158,-0.407022,1.88432,tracked,-0.255634,-0.738234,1.92573,tracked,-0.235824,-1.04705,2.05494,tracked,-0.192046,-1.1088,1.9583,tracked,-0.0952936,-0.388592,1.91518,tracked,-0.0466598,-0.718598,1.90515,tracked,-0.0233262,-1.02753,2.0334,tracked,0.0183936,-1.08838,1.93613,tracked
-0.173367,-0.404554,1.93263,tracked,-0.209116,-0.100861,1.88826,tracked,-0.235175,0.120674,1.84644,tracked,-0.243429,0.192768,1.82915,tracked,-0.24529,0.324159,1.7853,tracked,-0.352936,0.109771,1.75963,tracked,-0.423586,0.00933326,1.60022,tracked,-0.479064,-0.0714524,1.47133,tracked,-0.504458,-0.0657745,1.46595,tracked,-0.55986,-0.109366,1.41624,tracked,-0.56025,-0.0453951,1.4535,tracked,-0.0483086,0.144629,1.86372,tracked,0.114923,0.070078,1.75702,tracked,0.00298232,-0.00320475,1.58565,tracked,-0.0597582,-0.0420875,1.5278,tracked,-0.0799157,-0.0760947,1.51221,tracked,-0.116326,-0.0443765,1.555,tracked,-0.245086,-0.406857,1.8827,tracked,-0.256872,-0.736835,1.92424,tracked,-0.236663,-1.04612,2.05239,tracked,-0.193515,-1.10773,1.95519,tracked,-0.0956592,-0.38817,1.91396,tracked,-0.0467558,-0.718798,1.90471,tracked,-0.0225862,-1.028,2.03223,tracked,0.0185889,-1.08872,1.93452,tracked
-0.173799,-0.40377,1.93101,tracked,-0.209523,-0.100531,1.88738,tracked,-0.235417,0.120886,1.84603,tracked,-0.243603,0.192946,1.8289,tracked,-0.245344,0.324463,1.78532,tracked,-0.352592,0.110131,1.75909,tracked,-0.425044,0.00857705,1.60038,tracked,-0.478735,-0.0904348,1.48502,tracked,-0.507345,-0.0672729,1.46226,tracked,-0.566211,-0.107986,1.4141,tracked,-0.561322,-0.0443113,1.45567,tracked,-0.050269,0.147919,1.8605,tracked,0.11514,0.0706155,1.75661,tracked,0.0298495,0.0374782,1.61525,tracked,-0.074592,-0.0270519,1.53057,tracked,-0.0979048,-0.0636839,1.51566,tracked,-0.135228,-0.0356689,1.55667,tracked,-0.245624,-0.406029,1.87987,tracked,-0.257474,-0.737437,1.92295,tracked,-0.236806,-1.04668,2.05113,tracked,-0.194078,-1.10837,1.95382,tracked,-0.0959567,-0.387492,1.91331,tracked,-0.0469922,-0.718775,1.90343,tracked,-0.0223525,-1.02838,2.02999,tracked,0.0183511,-1.08894,1.93184,tracked
-0.174617,-0.403223,1.92956,tracked,-0.209978,-0.100843,1.88652,tracked,-0.235627,0.120215,1.84548,tracked,-0.243724,0.192159,1.82847,tracked,-0.245672,0.324512,1.78612,tracked,-0.352645,0.110235,1.75909,tracked,-0.427038,0.00365298,1.60126,tracked,-0.480645,-0.0766753,1.47122,tracked,-0.507914,-0.0637577,1.46215,tracked,-0.567411,-0.108545,1.41521,tracked,-0.560782,-0.0467152,1.45292,tracked,-0.0530482,0.151156,1.85834,tracked,0.114692,0.0707343,1.75599,tracked,-0.0283272,0.0172229,1.60193,tracked,-0.091955,-0.013205,1.53901,tracked,-0.112525,-0.048073,1.52042,tracked,-0.147104,-0.0192357,1.5672,tracked,-0.246765,-0.405502,1.87731,tracked,-0.257687,-0.737709,1.92293,tracked,-0.236797,-1.03957,2.06615,tracked,-0.193655,-1.10562,1.97414,tracked,-0.0964478,-0.386993,1.91279,tracked,-0.0469605,-0.718802,1.90315,tracked,-0.0217837,-1.02675,2.03319,tracked,0.0188798,-1.08829,1.93607,tracked
-0.174826,-0.402737,1.92898,tracked,-0.210446,-0.1005,1.88622,tracked,-0.236238,0.120569,1.84543,tracked,-0.244386,0.192538,1.82854,tracked,-0.245969,0.324425,1.78643,tracked,-0.352718,0.11044,1.75899,tracked,-0.426742,0.000354698,1.5987,tracked,-0.481086,-0.0691884,1.46253,tracked,-0.50739,-0.0629995,1.46127,tracked,-0.560037,-0.108535,1.40138,tracked,-0.556606,-0.0452861,1.45252,tracked,-0.0553788,0.155083,1.85774,tracked,0.109876,0.0697498,1.74953,tracked,-0.0369096,0.0204803,1.59772,tracked,-0.108198,-0.00120622,1.54485,tracked,-0.142962,-0.0292847,1.53295,tracked,-0.130364,0.0223055,1.54313,tracked,-0.247026,-0.405148,1.87612,tracked,-0.258775,-0.735982,1.92106,tracked,-0.239817,-1.04209,2.05609,tracked,-0.197341,-1.10607,1.96117,tracked,-0.0966292,-0.386326,1.9127,tracked,-0.046998,-0.718944,1.90288,tracked,-0.021564,-1.02682,2.03303,tracked,0.0192775,-1.08834,1.936,tracked
-0.175315,-0.402395,1.92815,tracked,-0.2106,-0.10063,1.88579,tracked,-0.236194,0.12025,1.84519,tracked,-0.24426,0.192136,1.82836,tracked,-0.246109,0.324509,1.78646,tracked,-0.352974,0.110847,1.75909,tracked,-0.426897,-0.0045645,1.59763,tracked,-0.481229,-0.0680775,1.45837,tracked,-0.507349,-0.0667461,1.46095,tracked,-0.558578,-0.109288,1.39989,tracked,-0.554431,-0.0477034,1.44838,tracked,-0.0565396,0.158398,1.85711,tracked,0.0681652,0.0762371,1.69301,tracked,-0.0900058,-0.0108064,1.57506,tracked,-0.126534,0.00647387,1.55015,tracked,-0.162871,-0.0182475,1.54302,tracked,-0.139218,0.0429623,1.55212,tracked,-0.247547,-0.404904,1.87496,tracked,-0.259207,-0.735805,1.91997,tracked,-0.237835,-1.04346,2.05148,tracked,-0.195104,-1.10613,1.95523,tracked,-0.0970164,-0.385933,1.91232,tracked,-0.0472202,-0.718798,1.90231,tracked,-0.0216228,-1.02675,2.03226,tracked,0.0191434,-1.08824,1.93514,tracked
-0.176042,-0.402469,1.92643,tracked,-0.211409,-0.100653,1.88456,tracked,-0.236833,0.120301,1.84449,tracked,-0.244812,0.192213,1.82785,tracked,-0.246223,0.324502,1.78631,tracked,-0.352989,0.110946,1.75911,tracked,-0.42274,0.00562863,1.59929,tracked,-0.477768,-0.068837,1.4662,tracked,-0.505385,-0.0726258,1.45929,tracked,-0.558676,-0.112494,1.39918,tracked,-0.559156,-0.0512649,1.44798,tracked,-0.0570874,0.158631,1.85659,tracked,0.0762612,0.0670239,1.71875,tracked,-0.0860994,0.000100796,1.59316,tracked,-0.142001,0.0184402,1.55038,tracked,-0.179052,-0.00440476,1.54373,tracked,-0.129267,-0.0483157,1.55067,tracked,-0.248366,-0.404903,1.87311,tracked,-0.259325,-0.736274,1.9183,tracked,-0.23808,-1.04374,2.05023,tracked,-0.195461,-1.1066,1.95415,tracked,-0.0975465,-0.386012,1.91106,tracked,-0.0473973,-0.718692,1.90086,tracked,-0.023318,-1.02804,2.02806,tracked,0.0168921,-1.08904,1.93011,tracked
-0.176311,-0.402639,1.92622,tracked,-0.21177,-0.100711,1.88438,tracked,-0.237187,0.120356,1.84439,tracked,-0.245156,0.192311,1.82778,tracked,-0.246312,0.324366,1.78633,tracked,-0.353412,0.11131,1.75876,tracked,-0.423557,0.00770903,1.60035,tracked,-0.476758,-0.0700491,1.46845,tracked,-0.506443,-0.0741529,1.46388,tracked,-0.560971,-0.117357,1.40318,tracked,-0.554944,-0.0524864,1.44719,tracked,-0.0582205,0.158365,1.85641,tracked,0.0733357,0.0664347,1.71796,tracked,-0.102457,0.0573747,1.59313,tracked,-0.157392,0.0333333,1.56062,tracked,-0.194112,0.00560681,1.54941,tracked,-0.145413,-0.0354933,1.55562,tracked,-0.248618,-0.405151,1.87268,tracked,-0.259538,-0.73701,1.91824,tracked,-0.238391,-1.04168,2.05591,tracked,-0.195404,-1.10617,1.96193,tracked,-0.0978464,-0.38612,1.91107,tracked,-0.0474045,-0.718922,1.90085,tracked,-0.0232741,-1.02824,2.02809,tracked,0.0170642,-1.08922,1.9302,tracked
-0.176607,-0.40284,1.92589,tracked,-0.21194,-0.101122,1.884,tracked,-0.237196,0.119805,1.84405,tracked,-0.245097,0.191727,1.82749,tracked,-0.246324,0.324185,1.7864,tracked,-0.354253,0.111972,1.75844,tracked,-0.428759,-0.00541475,1.59603,tracked,-0.480446,-0.07381,1.45813,tracked,-0.506933,-0.0715885,1.46386,tracked,-0.561734,-0.115661,1.40526,tracked,-0.557978,-0.0517074,1.45312,tracked,-0.0586136,0.158194,1.85617,tracked,0.0707155,0.0646947,1.71628,tracked,-0.107399,0.0808314,1.5959,tracked,-0.170059,0.0427428,1.56467,tracked,-0.209505,0.0144755,1.55582,tracked,-0.158416,-0.0274557,1.56243,tracked,-0.249085,-0.405456,1.87212,tracked,-0.259877,-0.737168,1.9176,tracked,-0.238417,-1.04531,2.04804,tracked,-0.195729,-1.10769,1.95148,tracked,-0.0979765,-0.386203,1.91097,tracked,-0.0473916,-0.718424,1.89977,tracked,-0.0230985,-1.02817,2.02606,tracked,0.0171931,-1.08887,1.92785,tracked
-0.177135,-0.40297,1.92521,tracked,-0.212041,-0.101348,1.88348,tracked,-0.237012,0.11953,1.84362,tracked,-0.244807,0.191435,1.82708,tracked,-0.246283,0.323952,1.78612,tracked,-0.35521,0.114613,1.75952,tracked,-0.42943,-0.00806109,1.59464,tracked,-0.48119,-0.0744403,1.45574,tracked,-0.506311,-0.0712291,1.46154,tracked,-0.55992,-0.11573,1.40159,tracked,-0.556729,-0.0505807,1.45027,tracked,-0.0588302,0.162046,1.85526,tracked,0.0638219,0.0580026,1.7093,tracked,-0.115156,0.081256,1.59163,tracked,-0.177345,0.0527178,1.56804,tracked,-0.221454,0.0252666,1.5586,tracked,-0.173473,-0.0226708,1.57533,tracked,-0.249675,-0.405575,1.87148,tracked,-0.260093,-0.737695,1.91701,tracked,-0.238655,-1.04541,2.04834,tracked,-0.196603,-1.10819,1.95189,tracked,-0.098378,-0.3863,1.9104,tracked,-0.0473388,-0.71846,1.89881,tracked,-0.0229741,-1.02623,2.02935,tracked,0.0168833,-1.08825,1.93232,tracked
-0.177511,-0.403742,1.92521,tracked,-0.212072,-0.101685,1.88336,tracked,-0.236877,0.119366,1.84348,tracked,-0.244604,0.19131,1.82694,tracked,-0.246235,0.323677,1.78605,tracked,-0.355501,0.114667,1.7592,tracked,-0.424487,0.00855608,1.60093,tracked,-0.475545,-0.0714721,1.46953,tracked,-0.508153,-0.0733062,1.46383,tracked,-0.560219,-0.118695,1.4031,tracked,-0.556245,-0.0516874,1.45077,tracked,-0.0609473,0.159139,1.85337,tracked,0.0585889,0.0551356,1.70664,tracked,-0.12148,0.0849366,1.59245,tracked,-0.188518,0.0573074,1.57339,tracked,-0.233146,0.0291483,1.56187,tracked,-0.187995,-0.0133781,1.571,tracked,-0.250144,-0.406318,1.87154,tracked,-0.260484,-0.738103,1.91634,tracked,-0.238344,-1.04511,2.04908,tracked,-0.196403,-1.10825,1.95296,tracked,-0.0986503,-0.387052,1.91042,tracked,-0.0474353,-0.718095,1.89803,tracked,-0.0228716,-1.02566,2.02899,tracked,0.0167202,-1.08784,1.93197,tracked
-0.177547,-0.404389,1.92497,tracked,-0.212329,-0.101646,1.88256,tracked,-0.237434,0.120432,1.84163,tracked,-0.245279,0.192923,1.82464,tracked,-0.245918,0.322897,1.78559,tracked,-0.356159,0.115414,1.75917,tracked,-0.423724,0.00946121,1.60202,tracked,-0.474269,-0.0711008,1.47074,tracked,-0.503776,-0.0726571,1.46469,tracked,-0.558583,-0.118641,1.40692,tracked,-0.559377,-0.0544167,1.45536,tracked,-0.0620396,0.157927,1.85071,tracked,0.0497113,0.0527998,1.69582,tracked,-0.132061,0.0940631,1.58873,tracked,-0.194989,0.0638459,1.57118,tracked,-0.238003,0.0358183,1.56269,tracked,-0.195211,-0.00967648,1.56933,tracked,-0.25033,-0.406944,1.87157,tracked,-0.260549,-0.738182,1.91576,tracked,-0.238491,-1.04577,2.04729,tracked,-0.19743,-1.10868,1.95044,tracked,-0.0985141,-0.387762,1.90991,tracked,-0.047458,-0.718564,1.89754,tracked,-0.0233607,-1.02573,2.02941,tracked,0.0153743,-1.08834,1.93241,tracked
-0.177436,-0.404602,1.92513,tracked,-0.2122,-0.101764,1.88251,tracked,-0.237156,0.120314,1.84144,tracked,-0.244933,0.192799,1.82442,tracked,-0.245352,0.323008,1.78532,tracked,-0.356192,0.115376,1.75911,tracked,-0.423226,0.00977142,1.60072,tracked,-0.473917,-0.0718646,1.47022,tracked,-0.504408,-0.0718284,1.46402,tracked,-0.559302,-0.118693,1.40759,tracked,-0.55714,-0.0512087,1.45172,tracked,-0.0620304,0.157948,1.85065,tracked,0.04685,0.0517484,1.69377,tracked,-0.132709,0.0982301,1.59144,tracked,-0.182952,0.0880932,1.57665,tracked,-0.235627,0.0712564,1.56609,tracked,-0.200649,0.0333385,1.5403,tracked,-0.250266,-0.407356,1.87236,tracked,-0.260537,-0.738323,1.91572,tracked,-0.237548,-1.04479,2.04945,tracked,-0.19619,-1.10819,1.95331,tracked,-0.0983499,-0.387919,1.90984,tracked,-0.0475714,-0.718189,1.89728,tracked,-0.0251106,-1.02691,2.0261,tracked,0.0131261,-1.08888,1.92811,tracked
-0.177407,-0.405361,1.92534,tracked,-0.211989,-0.102087,1.88237,tracked,-0.236665,0.120117,1.84112,tracked,-0.2443,0.192643,1.82404,tracked,-0.244557,0.323342,1.7851,tracked,-0.356202,0.11545,1.75909,tracked,-0.42276,0.00998059,1.5998,tracked,-0.473892,-0.0722536,1.46988,tracked,-0.504747,-0.0711673,1.46494,tracked,-0.561801,-0.116628,1.41359,tracked,-0.553738,-0.0520951,1.44795,tracked,-0.0618694,0.158159,1.85009,tracked,0.0401039,0.0499168,1.68913,tracked,-0.129605,0.103275,1.60001,tracked,-0.185777,0.093285,1.58428,tracked,-0.241898,0.0725291,1.56576,tracked,-0.206162,0.0324192,1.55456,tracked,-0.250483,-0.408228,1.87292,tracked,-0.260602,-0.738649,1.91581,tracked,-0.237645,-1.04543,2.04891,tracked,-0.196513,-1.10866,1.95245,tracked,-0.0981218,-0.388597,1.9098,tracked,-0.0476564,-0.718776,1.89768,tracked,-0.0207634,-1.02256,2.03599,tracked,0.0187186,-1.08661,1.94104,tracked
-0.177048,-0.406055,1.92432,tracked,-0.211245,-0.102577,1.88081,tracked,-0.235524,0.119889,1.83932,tracked,-0.243033,0.192491,1.82222,tracked,-0.242951,0.324139,1.78378,tracked,-0.356105,0.115619,1.75899,tracked,-0.424309,0.00361166,1.59434,tracked,-0.476696,-0.0761155,1.46334,tracked,-0.504418,-0.0700884,1.46386,tracked,-0.559075,-0.115284,1.40766,tracked,-0.542513,-0.0497895,1.45215,tracked,-0.0610384,0.158207,1.84851,tracked,0.0368894,0.0500406,1.68787,tracked,-0.127589,0.105777,1.60304,tracked,-0.189072,0.0985575,1.58568,tracked,-0.247727,0.0778252,1.56664,tracked,-0.208872,0.0383129,1.54863,tracked,-0.250403,-0.408687,1.87238,tracked,-0.260499,-0.738676,1.91488,tracked,-0.237382,-1.04567,2.0475,tracked,-0.196784,-1.10882,1.95067,tracked,-0.097363,-0.389448,1.90817,tracked,-0.0473501,-0.718568,1.89576,tracked,-0.0220958,-1.02216,2.03472,tracked,0.0165209,-1.08672,1.93986,tracked
-0.176769,-0.406069,1.92421,tracked,-0.210756,-0.102603,1.88026,tracked,-0.234832,0.119863,1.83841,tracked,-0.24228,0.19245,1.82123,tracked,-0.241527,0.325011,1.78292,tracked,-0.35639,0.116764,1.75929,tracked,-0.424629,-0.000886763,1.59147,tracked,-0.477968,-0.0781623,1.45936,tracked,-0.503663,-0.0684833,1.46376,tracked,-0.557423,-0.114286,1.40341,tracked,-0.549309,-0.0486008,1.45375,tracked,-0.0589868,0.162221,1.84851,tracked,0.0295857,0.0502656,1.68316,tracked,-0.108014,0.10479,1.60954,tracked,-0.183297,0.106206,1.59035,inferred,-0.244531,0.0855533,1.56568,tracked,-0.223479,0.0641633,1.54581,tracked,-0.250232,-0.408704,1.87245,tracked,-0.26049,-0.738758,1.91479,tracked,-0.237698,-1.04553,2.04792,tracked,-0.197433,-1.10889,1.95115,tracked,-0.096867,-0.389415,1.90768,tracked,-0.0471897,-0.718579,1.89543,tracked,-0.0231396,-1.02532,2.02818,tracked,0.0145987,-1.0883,1.93104,tracked
-0.175979,-0.406339,1.9233,tracked,-0.209682,-0.102861,1.87873,tracked,-0.233546,0.119654,1.83659,tracked,-0.240933,0.192243,1.81935,tracked,-0.237258,0.326688,1.78053,tracked,-0.356381,0.116912,1.75922,tracked,-0.414719,0.0148524,1.60015,tracked,-0.469776,-0.0691289,1.4732,tracked,-0.499414,-0.0675028,1.46039,tracked,-0.553308,-0.111675,1.40262,tracked,-0.547434,-0.0476621,1.45218,tracked,-0.0576791,0.164412,1.84774,tracked,0.0229084,0.0499802,1.67493,tracked,-0.109671,0.106563,1.60689,tracked,-0.179792,0.109357,1.58756,inferred,-0.239298,0.0920469,1.55989,tracked,-0.222434,0.0660452,1.53973,tracked,-0.249854,-0.408898,1.87221,tracked,-0.260436,-0.738493,1.91384,tracked,-0.237737,-1.04674,2.04387,tracked,-0.197959,-1.10927,1.94593,tracked,-0.0956086,-0.38964,1.90577,tracked,-0.0469816,-0.718546,1.89512,tracked,-0.0230059,-1.02532,2.02781,tracked,0.0143875,-1.08833,1.93052,tracked
-0.175439,-0.406459,1.92359,tracked,-0.209107,-0.103005,1.87867,tracked,-0.232793,0.119466,1.83628,tracked,-0.240108,0.192027,1.81895,tracked,-0.235205,0.327802,1.78099,tracked,-0.357082,0.118974,1.75989,tracked,-0.416262,0.00503512,1.59566,tracked,-0.473209,-0.0716649,1.46481,tracked,-0.501592,-0.0668094,1.46534,tracked,-0.555482,-0.111908,1.40908,tracked,-0.55165,-0.0490883,1.4526,tracked,-0.0574852,0.163904,1.84698,tracked,0.0231754,0.049292,1.67435,tracked,-0.109169,0.107933,1.60783,tracked,-0.177154,0.111997,1.60056,inferred,-0.236621,0.0964842,1.56226,tracked,-0.210396,0.111699,1.5509,tracked,-0.249243,-0.409041,1.87307,tracked,-0.260088,-0.739933,1.91476,tracked,-0.238599,-1.04007,2.06113,tracked,-0.198894,-1.10758,1.969,tracked,-0.0950885,-0.389739,1.90579,tracked,-0.0468421,-0.718552,1.89516,tracked,-0.0286724,-1.02563,2.02801,tracked,0.00694322,-1.08953,1.93076,tracked
